,model,k,n,Outer_KFold,Model_params,TN,FP,FN,TP,Accuracy,Precision,Recall,F1,Selected_k_mers
0,xgboost,2,5,0,"{""learning_rate"": 0.2, ""max_depth"": 3, ""n_estimators"": 200, ""subsample"": 0.8}",2000,0,2000,0,0.5,0.0,0.0,0.0,"['NN', 'GN', 'NT', 'NG', 'NC']"
0,xgboost,2,5,1,"{""learning_rate"": 0.1, ""max_depth"": 3, ""n_estimators"": 200, ""subsample"": 0.8}",1996,4,1995,5,0.50025,0.5555555555555556,0.0025,0.004977600796416127,"['NN', 'GN', 'NT', 'NG', 'NC']"
0,xgboost,2,5,2,"{""learning_rate"": 0.2, ""max_depth"": 3, ""n_estimators"": 50, ""subsample"": 0.8}",0,2000,0,2000,0.5,0.5,1.0,0.6666666666666666,"['NN', 'GN', 'NT', 'NG', 'NC']"
0,xgboost,2,5,3,"{""learning_rate"": 0.01, ""max_depth"": 3, ""n_estimators"": 200, ""subsample"": 0.8}",1999,1,1998,2,0.50025,0.6666666666666666,0.001,0.00199700449326011,"['NN', 'GN', 'NT', 'NG', 'NC']"
0,xgboost,2,5,4,"{""learning_rate"": 0.1, ""max_depth"": 3, ""n_estimators"": 200, ""subsample"": 0.8}",1995,5,1995,5,0.5,0.5,0.0025,0.004975124378109453,"['NN', 'GN', 'NT', 'NG', 'NC']"
0,xgboost,2,5,total,,7990,2010,7988,2012,0.5001,0.5002486325211337,0.2012,0.2869776066181714,"['NN', 'GN', 'NT', 'NG', 'NC']"
0,xgboost,2,10,0,"{""learning_rate"": 0.01, ""max_depth"": 5, ""n_estimators"": 100, ""subsample"": 1.0}",984,1016,862,1138,0.5305,0.5283194057567316,0.569,0.5479056331246991,"['NN', 'GN', 'NT', 'NG', 'NC', 'AN', 'NA', 'TN', 'CN', 'TC']"
0,xgboost,2,10,1,"{""learning_rate"": 0.01, ""max_depth"": 3, ""n_estimators"": 200, ""subsample"": 0.8}",932,1068,753,1247,0.54475,0.5386609071274298,0.6235,0.5779837775202781,"['NN', 'GN', 'NT', 'NG', 'NC', 'AN', 'NA', 'TN', 'CN', 'TC']"
0,xgboost,2,10,2,"{""learning_rate"": 0.01, ""max_depth"": 3, ""n_estimators"": 200, ""subsample"": 1.0}",839,1161,645,1355,0.5485,0.5385532591414944,0.6775,0.600088573959256,"['NN', 'GN', 'NT', 'NG', 'NC', 'AN', 'NA', 'TN', 'CN', 'TC']"
0,xgboost,2,10,3,"{""learning_rate"": 0.1, ""max_depth"": 3, ""n_estimators"": 50, ""subsample"": 1.0}",1046,954,861,1139,0.54625,0.5441949354992833,0.5695,0.5565599804544344,"['NN', 'GN', 'NT', 'NG', 'NC', 'AN', 'NA', 'TN', 'CN', 'TC']"
0,xgboost,2,10,4,"{""learning_rate"": 0.01, ""max_depth"": 5, ""n_estimators"": 200, ""subsample"": 0.8}",1155,845,1079,921,0.519,0.5215175537938845,0.4605,0.48911311736590546,"['NN', 'GN', 'NT', 'NG', 'NC', 'AN', 'NA', 'TN', 'CN', 'TC']"
0,xgboost,2,10,total,,4956,5044,4200,5800,0.5378,0.5348579859830321,0.58,0.556515064287085,"['NN', 'GN', 'NT', 'NG', 'NC', 'AN', 'NA', 'TN', 'CN', 'TC']"
0,xgboost,2,15,0,"{""learning_rate"": 0.2, ""max_depth"": 7, ""n_estimators"": 200, ""subsample"": 0.8}",1211,789,198,1802,0.75325,0.6954843689695098,0.901,0.7850141581354825,"['NN', 'GN', 'NT', 'NG', 'NC', 'AN', 'NA', 'TN', 'CN', 'TC', 'GT', 'AT', 'CC', 'CT', 'TA']"
0,xgboost,2,15,1,"{""learning_rate"": 0.2, ""max_depth"": 7, ""n_estimators"": 200, ""subsample"": 1.0}",1297,703,236,1764,0.76525,0.7150385083096878,0.882,0.7897918065815984,"['NN', 'GN', 'NT', 'NG', 'NC', 'AN', 'NA', 'TN', 'CN', 'TC', 'GT', 'AT', 'CC', 'CT', 'TA']"
0,xgboost,2,15,2,"{""learning_rate"": 0.2, ""max_depth"": 7, ""n_estimators"": 200, ""subsample"": 1.0}",1305,695,205,1795,0.775,0.7208835341365462,0.8975,0.799554565701559,"['NN', 'GN', 'NT', 'NG', 'NC', 'AN', 'NA', 'TN', 'CN', 'TC', 'GT', 'AT', 'CC', 'CT', 'TA']"
0,xgboost,2,15,3,"{""learning_rate"": 0.2, ""max_depth"": 7, ""n_estimators"": 200, ""subsample"": 1.0}",1238,762,276,1724,0.7405,0.6934835076427996,0.862,0.7686134641105662,"['NN', 'GN', 'NT', 'NG', 'NC', 'AN', 'NA', 'TN', 'CN', 'TC', 'GT', 'AT', 'CC', 'CT', 'TA']"
0,xgboost,2,15,4,"{""learning_rate"": 0.2, ""max_depth"": 7, ""n_estimators"": 200, ""subsample"": 0.8}",1236,764,276,1724,0.74,0.6929260450160771,0.862,0.768270944741533,"['NN', 'GN', 'NT', 'NG', 'NC', 'AN', 'NA', 'TN', 'CN', 'TC', 'GT', 'AT', 'CC', 'CT', 'TA']"
0,xgboost,2,15,total,,6287,3713,1191,8809,0.7548,0.7034818719054464,0.8809,0.7822573483704821,"['NN', 'GN', 'NT', 'NG', 'NC', 'AN', 'NA', 'TN', 'CN', 'TC', 'GT', 'AT', 'CC', 'CT', 'TA']"
0,xgboost,2,20,0,"{""learning_rate"": 0.2, ""max_depth"": 7, ""n_estimators"": 200, ""subsample"": 0.8}",1278,722,181,1819,0.77425,0.7158598976780794,0.9095,0.8011451222197754,"['NN', 'GN', 'NT', 'NG', 'NC', 'AN', 'NA', 'TN', 'CN', 'TC', 'GT', 'AT', 'CC', 'CT', 'TA', 'CG', 'AG', 'GC', 'CA', 'TG']"
0,xgboost,2,20,1,"{""learning_rate"": 0.2, ""max_depth"": 7, ""n_estimators"": 200, ""subsample"": 0.8}",1414,586,174,1826,0.81,0.7570480928689884,0.913,0.827742520398912,"['NN', 'GN', 'NT', 'NG', 'NC', 'AN', 'NA', 'TN', 'CN', 'TC', 'GT', 'AT', 'CC', 'CT', 'TA', 'CG', 'AG', 'GC', 'CA', 'TG']"
0,xgboost,2,20,2,"{""learning_rate"": 0.2, ""max_depth"": 7, ""n_estimators"": 200, ""subsample"": 0.8}",1538,462,175,1825,0.84075,0.7979886313948404,0.9125,0.8514112432936786,"['NN', 'GN', 'NT', 'NG', 'NC', 'AN', 'NA', 'TN', 'CN', 'TC', 'GT', 'AT', 'CC', 'CT', 'TA', 'CG', 'AG', 'GC', 'CA', 'TG']"
0,xgboost,2,20,3,"{""learning_rate"": 0.2, ""max_depth"": 7, ""n_estimators"": 200, ""subsample"": 1.0}",1370,630,179,1821,0.79775,0.7429620563035496,0.9105,0.8182430914401259,"['NN', 'GN', 'NT', 'NG', 'NC', 'AN', 'NA', 'TN', 'CN', 'TC', 'GT', 'AT', 'CC', 'CT', 'TA', 'CG', 'AG', 'GC', 'CA', 'TG']"
0,xgboost,2,20,4,"{""learning_rate"": 0.2, ""max_depth"": 7, ""n_estimators"": 200, ""subsample"": 0.8}",1362,638,191,1809,0.79275,0.7392725786677564,0.9045,0.8135821902406116,"['NN', 'GN', 'NT', 'NG', 'NC', 'AN', 'NA', 'TN', 'CN', 'TC', 'GT', 'AT', 'CC', 'CT', 'TA', 'CG', 'AG', 'GC', 'CA', 'TG']"
0,xgboost,2,20,total,,6962,3038,900,9100,0.8031,0.7497116493656286,0.91,0.8221158189538352,"['NN', 'GN', 'NT', 'NG', 'NC', 'AN', 'NA', 'TN', 'CN', 'TC', 'GT', 'AT', 'CC', 'CT', 'TA', 'CG', 'AG', 'GC', 'CA', 'TG']"
0,xgboost,2,25,0,"{""learning_rate"": 0.2, ""max_depth"": 7, ""n_estimators"": 200, ""subsample"": 0.8}",1463,537,180,1820,0.82075,0.7721680101824353,0.91,0.8354372274500803,"['NN', 'GN', 'NT', 'NG', 'NC', 'AN', 'NA', 'TN', 'CN', 'TC', 'GT', 'AT', 'CC', 'CT', 'TA', 'CG', 'AG', 'GC', 'CA', 'TG', 'AA', 'GA', 'AC', 'TT', 'GG']"
0,xgboost,2,25,1,"{""learning_rate"": 0.2, ""max_depth"": 7, ""n_estimators"": 200, ""subsample"": 0.8}",1488,512,165,1835,0.83075,0.7818491691521091,0.9175,0.8442604094778008,"['NN', 'GN', 'NT', 'NG', 'NC', 'AN', 'NA', 'TN', 'CN', 'TC', 'GT', 'AT', 'CC', 'CT', 'TA', 'CG', 'AG', 'GC', 'CA', 'TG', 'AA', 'GA', 'AC', 'TT', 'GG']"
0,xgboost,2,25,2,"{""learning_rate"": 0.2, ""max_depth"": 7, ""n_estimators"": 200, ""subsample"": 1.0}",1520,480,186,1814,0.8335,0.7907585004359198,0.907,0.8448998602701444,"['NN', 'GN', 'NT', 'NG', 'NC', 'AN', 'NA', 'TN', 'CN', 'TC', 'GT', 'AT', 'CC', 'CT', 'TA', 'CG', 'AG', 'GC', 'CA', 'TG', 'AA', 'GA', 'AC', 'TT', 'GG']"
0,xgboost,2,25,3,"{""learning_rate"": 0.2, ""max_depth"": 7, ""n_estimators"": 200, ""subsample"": 0.8}",1421,579,163,1837,0.8145,0.7603476821192053,0.9185,0.8319746376811594,"['NN', 'GN', 'NT', 'NG', 'NC', 'AN', 'NA', 'TN', 'CN', 'TC', 'GT', 'AT', 'CC', 'CT', 'TA', 'CG', 'AG', 'GC', 'CA', 'TG', 'AA', 'GA', 'AC', 'TT', 'GG']"
0,xgboost,2,25,4,"{""learning_rate"": 0.1, ""max_depth"": 7, ""n_estimators"": 200, ""subsample"": 0.8}",1477,523,188,1812,0.82225,0.776017130620985,0.906,0.8359861591695502,"['NN', 'GN', 'NT', 'NG', 'NC', 'AN', 'NA', 'TN', 'CN', 'TC', 'GT', 'AT', 'CC', 'CT', 'TA', 'CG', 'AG', 'GC', 'CA', 'TG', 'AA', 'GA', 'AC', 'TT', 'GG']"
0,xgboost,2,25,total,,7369,2631,882,9118,0.82435,0.7760660481743127,0.9118,0.8384753321991816,"['NN', 'GN', 'NT', 'NG', 'NC', 'AN', 'NA', 'TN', 'CN', 'TC', 'GT', 'AT', 'CC', 'CT', 'TA', 'CG', 'AG', 'GC', 'CA', 'TG', 'AA', 'GA', 'AC', 'TT', 'GG']"
0,xgboost,2,30,0,"{""learning_rate"": 0.2, ""max_depth"": 7, ""n_estimators"": 200, ""subsample"": 0.8}",1463,537,180,1820,0.82075,0.7721680101824353,0.91,0.8354372274500803,"['NN', 'GN', 'NT', 'NG', 'NC', 'AN', 'NA', 'TN', 'CN', 'TC', 'GT', 'AT', 'CC', 'CT', 'TA', 'CG', 'AG', 'GC', 'CA', 'TG', 'AA', 'GA', 'AC', 'TT', 'GG']"
0,xgboost,2,30,1,"{""learning_rate"": 0.2, ""max_depth"": 7, ""n_estimators"": 200, ""subsample"": 0.8}",1488,512,165,1835,0.83075,0.7818491691521091,0.9175,0.8442604094778008,"['NN', 'GN', 'NT', 'NG', 'NC', 'AN', 'NA', 'TN', 'CN', 'TC', 'GT', 'AT', 'CC', 'CT', 'TA', 'CG', 'AG', 'GC', 'CA', 'TG', 'AA', 'GA', 'AC', 'TT', 'GG']"
0,xgboost,2,30,2,"{""learning_rate"": 0.2, ""max_depth"": 7, ""n_estimators"": 200, ""subsample"": 1.0}",1520,480,186,1814,0.8335,0.7907585004359198,0.907,0.8448998602701444,"['NN', 'GN', 'NT', 'NG', 'NC', 'AN', 'NA', 'TN', 'CN', 'TC', 'GT', 'AT', 'CC', 'CT', 'TA', 'CG', 'AG', 'GC', 'CA', 'TG', 'AA', 'GA', 'AC', 'TT', 'GG']"
0,xgboost,2,30,3,"{""learning_rate"": 0.2, ""max_depth"": 7, ""n_estimators"": 200, ""subsample"": 0.8}",1421,579,163,1837,0.8145,0.7603476821192053,0.9185,0.8319746376811594,"['NN', 'GN', 'NT', 'NG', 'NC', 'AN', 'NA', 'TN', 'CN', 'TC', 'GT', 'AT', 'CC', 'CT', 'TA', 'CG', 'AG', 'GC', 'CA', 'TG', 'AA', 'GA', 'AC', 'TT', 'GG']"
0,xgboost,2,30,4,"{""learning_rate"": 0.1, ""max_depth"": 7, ""n_estimators"": 200, ""subsample"": 0.8}",1477,523,188,1812,0.82225,0.776017130620985,0.906,0.8359861591695502,"['NN', 'GN', 'NT', 'NG', 'NC', 'AN', 'NA', 'TN', 'CN', 'TC', 'GT', 'AT', 'CC', 'CT', 'TA', 'CG', 'AG', 'GC', 'CA', 'TG', 'AA', 'GA', 'AC', 'TT', 'GG']"
0,xgboost,2,30,total,,7369,2631,882,9118,0.82435,0.7760660481743127,0.9118,0.8384753321991816,"['NN', 'GN', 'NT', 'NG', 'NC', 'AN', 'NA', 'TN', 'CN', 'TC', 'GT', 'AT', 'CC', 'CT', 'TA', 'CG', 'AG', 'GC', 'CA', 'TG', 'AA', 'GA', 'AC', 'TT', 'GG']"
0,xgboost,2,35,0,"{""learning_rate"": 0.2, ""max_depth"": 7, ""n_estimators"": 200, ""subsample"": 0.8}",1463,537,180,1820,0.82075,0.7721680101824353,0.91,0.8354372274500803,"['NN', 'GN', 'NT', 'NG', 'NC', 'AN', 'NA', 'TN', 'CN', 'TC', 'GT', 'AT', 'CC', 'CT', 'TA', 'CG', 'AG', 'GC', 'CA', 'TG', 'AA', 'GA', 'AC', 'TT', 'GG']"
0,xgboost,2,35,1,"{""learning_rate"": 0.2, ""max_depth"": 7, ""n_estimators"": 200, ""subsample"": 0.8}",1488,512,165,1835,0.83075,0.7818491691521091,0.9175,0.8442604094778008,"['NN', 'GN', 'NT', 'NG', 'NC', 'AN', 'NA', 'TN', 'CN', 'TC', 'GT', 'AT', 'CC', 'CT', 'TA', 'CG', 'AG', 'GC', 'CA', 'TG', 'AA', 'GA', 'AC', 'TT', 'GG']"
0,xgboost,2,35,2,"{""learning_rate"": 0.2, ""max_depth"": 7, ""n_estimators"": 200, ""subsample"": 1.0}",1520,480,186,1814,0.8335,0.7907585004359198,0.907,0.8448998602701444,"['NN', 'GN', 'NT', 'NG', 'NC', 'AN', 'NA', 'TN', 'CN', 'TC', 'GT', 'AT', 'CC', 'CT', 'TA', 'CG', 'AG', 'GC', 'CA', 'TG', 'AA', 'GA', 'AC', 'TT', 'GG']"
0,xgboost,2,35,3,"{""learning_rate"": 0.2, ""max_depth"": 7, ""n_estimators"": 200, ""subsample"": 0.8}",1421,579,163,1837,0.8145,0.7603476821192053,0.9185,0.8319746376811594,"['NN', 'GN', 'NT', 'NG', 'NC', 'AN', 'NA', 'TN', 'CN', 'TC', 'GT', 'AT', 'CC', 'CT', 'TA', 'CG', 'AG', 'GC', 'CA', 'TG', 'AA', 'GA', 'AC', 'TT', 'GG']"
0,xgboost,2,35,4,"{""learning_rate"": 0.1, ""max_depth"": 7, ""n_estimators"": 200, ""subsample"": 0.8}",1477,523,188,1812,0.82225,0.776017130620985,0.906,0.8359861591695502,"['NN', 'GN', 'NT', 'NG', 'NC', 'AN', 'NA', 'TN', 'CN', 'TC', 'GT', 'AT', 'CC', 'CT', 'TA', 'CG', 'AG', 'GC', 'CA', 'TG', 'AA', 'GA', 'AC', 'TT', 'GG']"
0,xgboost,2,35,total,,7369,2631,882,9118,0.82435,0.7760660481743127,0.9118,0.8384753321991816,"['NN', 'GN', 'NT', 'NG', 'NC', 'AN', 'NA', 'TN', 'CN', 'TC', 'GT', 'AT', 'CC', 'CT', 'TA', 'CG', 'AG', 'GC', 'CA', 'TG', 'AA', 'GA', 'AC', 'TT', 'GG']"
0,xgboost,2,40,0,"{""learning_rate"": 0.2, ""max_depth"": 7, ""n_estimators"": 200, ""subsample"": 0.8}",1463,537,180,1820,0.82075,0.7721680101824353,0.91,0.8354372274500803,"['NN', 'GN', 'NT', 'NG', 'NC', 'AN', 'NA', 'TN', 'CN', 'TC', 'GT', 'AT', 'CC', 'CT', 'TA', 'CG', 'AG', 'GC', 'CA', 'TG', 'AA', 'GA', 'AC', 'TT', 'GG']"
0,xgboost,2,40,1,"{""learning_rate"": 0.2, ""max_depth"": 7, ""n_estimators"": 200, ""subsample"": 0.8}",1488,512,165,1835,0.83075,0.7818491691521091,0.9175,0.8442604094778008,"['NN', 'GN', 'NT', 'NG', 'NC', 'AN', 'NA', 'TN', 'CN', 'TC', 'GT', 'AT', 'CC', 'CT', 'TA', 'CG', 'AG', 'GC', 'CA', 'TG', 'AA', 'GA', 'AC', 'TT', 'GG']"
0,xgboost,2,40,2,"{""learning_rate"": 0.2, ""max_depth"": 7, ""n_estimators"": 200, ""subsample"": 1.0}",1520,480,186,1814,0.8335,0.7907585004359198,0.907,0.8448998602701444,"['NN', 'GN', 'NT', 'NG', 'NC', 'AN', 'NA', 'TN', 'CN', 'TC', 'GT', 'AT', 'CC', 'CT', 'TA', 'CG', 'AG', 'GC', 'CA', 'TG', 'AA', 'GA', 'AC', 'TT', 'GG']"
0,xgboost,2,40,3,"{""learning_rate"": 0.2, ""max_depth"": 7, ""n_estimators"": 200, ""subsample"": 0.8}",1421,579,163,1837,0.8145,0.7603476821192053,0.9185,0.8319746376811594,"['NN', 'GN', 'NT', 'NG', 'NC', 'AN', 'NA', 'TN', 'CN', 'TC', 'GT', 'AT', 'CC', 'CT', 'TA', 'CG', 'AG', 'GC', 'CA', 'TG', 'AA', 'GA', 'AC', 'TT', 'GG']"
0,xgboost,2,40,4,"{""learning_rate"": 0.1, ""max_depth"": 7, ""n_estimators"": 200, ""subsample"": 0.8}",1477,523,188,1812,0.82225,0.776017130620985,0.906,0.8359861591695502,"['NN', 'GN', 'NT', 'NG', 'NC', 'AN', 'NA', 'TN', 'CN', 'TC', 'GT', 'AT', 'CC', 'CT', 'TA', 'CG', 'AG', 'GC', 'CA', 'TG', 'AA', 'GA', 'AC', 'TT', 'GG']"
0,xgboost,2,40,total,,7369,2631,882,9118,0.82435,0.7760660481743127,0.9118,0.8384753321991816,"['NN', 'GN', 'NT', 'NG', 'NC', 'AN', 'NA', 'TN', 'CN', 'TC', 'GT', 'AT', 'CC', 'CT', 'TA', 'CG', 'AG', 'GC', 'CA', 'TG', 'AA', 'GA', 'AC', 'TT', 'GG']"
0,xgboost,2,45,0,"{""learning_rate"": 0.2, ""max_depth"": 7, ""n_estimators"": 200, ""subsample"": 0.8}",1463,537,180,1820,0.82075,0.7721680101824353,0.91,0.8354372274500803,"['NN', 'GN', 'NT', 'NG', 'NC', 'AN', 'NA', 'TN', 'CN', 'TC', 'GT', 'AT', 'CC', 'CT', 'TA', 'CG', 'AG', 'GC', 'CA', 'TG', 'AA', 'GA', 'AC', 'TT', 'GG']"
0,xgboost,2,45,1,"{""learning_rate"": 0.2, ""max_depth"": 7, ""n_estimators"": 200, ""subsample"": 0.8}",1488,512,165,1835,0.83075,0.7818491691521091,0.9175,0.8442604094778008,"['NN', 'GN', 'NT', 'NG', 'NC', 'AN', 'NA', 'TN', 'CN', 'TC', 'GT', 'AT', 'CC', 'CT', 'TA', 'CG', 'AG', 'GC', 'CA', 'TG', 'AA', 'GA', 'AC', 'TT', 'GG']"
0,xgboost,2,45,2,"{""learning_rate"": 0.2, ""max_depth"": 7, ""n_estimators"": 200, ""subsample"": 1.0}",1520,480,186,1814,0.8335,0.7907585004359198,0.907,0.8448998602701444,"['NN', 'GN', 'NT', 'NG', 'NC', 'AN', 'NA', 'TN', 'CN', 'TC', 'GT', 'AT', 'CC', 'CT', 'TA', 'CG', 'AG', 'GC', 'CA', 'TG', 'AA', 'GA', 'AC', 'TT', 'GG']"
0,xgboost,2,45,3,"{""learning_rate"": 0.2, ""max_depth"": 7, ""n_estimators"": 200, ""subsample"": 0.8}",1421,579,163,1837,0.8145,0.7603476821192053,0.9185,0.8319746376811594,"['NN', 'GN', 'NT', 'NG', 'NC', 'AN', 'NA', 'TN', 'CN', 'TC', 'GT', 'AT', 'CC', 'CT', 'TA', 'CG', 'AG', 'GC', 'CA', 'TG', 'AA', 'GA', 'AC', 'TT', 'GG']"
0,xgboost,2,45,4,"{""learning_rate"": 0.1, ""max_depth"": 7, ""n_estimators"": 200, ""subsample"": 0.8}",1477,523,188,1812,0.82225,0.776017130620985,0.906,0.8359861591695502,"['NN', 'GN', 'NT', 'NG', 'NC', 'AN', 'NA', 'TN', 'CN', 'TC', 'GT', 'AT', 'CC', 'CT', 'TA', 'CG', 'AG', 'GC', 'CA', 'TG', 'AA', 'GA', 'AC', 'TT', 'GG']"
0,xgboost,2,45,total,,7369,2631,882,9118,0.82435,0.7760660481743127,0.9118,0.8384753321991816,"['NN', 'GN', 'NT', 'NG', 'NC', 'AN', 'NA', 'TN', 'CN', 'TC', 'GT', 'AT', 'CC', 'CT', 'TA', 'CG', 'AG', 'GC', 'CA', 'TG', 'AA', 'GA', 'AC', 'TT', 'GG']"
0,xgboost,2,50,0,"{""learning_rate"": 0.2, ""max_depth"": 7, ""n_estimators"": 200, ""subsample"": 0.8}",1463,537,180,1820,0.82075,0.7721680101824353,0.91,0.8354372274500803,"['NN', 'GN', 'NT', 'NG', 'NC', 'AN', 'NA', 'TN', 'CN', 'TC', 'GT', 'AT', 'CC', 'CT', 'TA', 'CG', 'AG', 'GC', 'CA', 'TG', 'AA', 'GA', 'AC', 'TT', 'GG']"
0,xgboost,2,50,1,"{""learning_rate"": 0.2, ""max_depth"": 7, ""n_estimators"": 200, ""subsample"": 0.8}",1488,512,165,1835,0.83075,0.7818491691521091,0.9175,0.8442604094778008,"['NN', 'GN', 'NT', 'NG', 'NC', 'AN', 'NA', 'TN', 'CN', 'TC', 'GT', 'AT', 'CC', 'CT', 'TA', 'CG', 'AG', 'GC', 'CA', 'TG', 'AA', 'GA', 'AC', 'TT', 'GG']"
0,xgboost,2,50,2,"{""learning_rate"": 0.2, ""max_depth"": 7, ""n_estimators"": 200, ""subsample"": 1.0}",1520,480,186,1814,0.8335,0.7907585004359198,0.907,0.8448998602701444,"['NN', 'GN', 'NT', 'NG', 'NC', 'AN', 'NA', 'TN', 'CN', 'TC', 'GT', 'AT', 'CC', 'CT', 'TA', 'CG', 'AG', 'GC', 'CA', 'TG', 'AA', 'GA', 'AC', 'TT', 'GG']"
0,xgboost,2,50,3,"{""learning_rate"": 0.2, ""max_depth"": 7, ""n_estimators"": 200, ""subsample"": 0.8}",1421,579,163,1837,0.8145,0.7603476821192053,0.9185,0.8319746376811594,"['NN', 'GN', 'NT', 'NG', 'NC', 'AN', 'NA', 'TN', 'CN', 'TC', 'GT', 'AT', 'CC', 'CT', 'TA', 'CG', 'AG', 'GC', 'CA', 'TG', 'AA', 'GA', 'AC', 'TT', 'GG']"
0,xgboost,2,50,4,"{""learning_rate"": 0.1, ""max_depth"": 7, ""n_estimators"": 200, ""subsample"": 0.8}",1477,523,188,1812,0.82225,0.776017130620985,0.906,0.8359861591695502,"['NN', 'GN', 'NT', 'NG', 'NC', 'AN', 'NA', 'TN', 'CN', 'TC', 'GT', 'AT', 'CC', 'CT', 'TA', 'CG', 'AG', 'GC', 'CA', 'TG', 'AA', 'GA', 'AC', 'TT', 'GG']"
0,xgboost,2,50,total,,7369,2631,882,9118,0.82435,0.7760660481743127,0.9118,0.8384753321991816,"['NN', 'GN', 'NT', 'NG', 'NC', 'AN', 'NA', 'TN', 'CN', 'TC', 'GT', 'AT', 'CC', 'CT', 'TA', 'CG', 'AG', 'GC', 'CA', 'TG', 'AA', 'GA', 'AC', 'TT', 'GG']"
0,xgboost,2,75,0,"{""learning_rate"": 0.2, ""max_depth"": 7, ""n_estimators"": 200, ""subsample"": 0.8}",1463,537,180,1820,0.82075,0.7721680101824353,0.91,0.8354372274500803,"['NN', 'GN', 'NT', 'NG', 'NC', 'AN', 'NA', 'TN', 'CN', 'TC', 'GT', 'AT', 'CC', 'CT', 'TA', 'CG', 'AG', 'GC', 'CA', 'TG', 'AA', 'GA', 'AC', 'TT', 'GG']"
0,xgboost,2,75,1,"{""learning_rate"": 0.2, ""max_depth"": 7, ""n_estimators"": 200, ""subsample"": 0.8}",1488,512,165,1835,0.83075,0.7818491691521091,0.9175,0.8442604094778008,"['NN', 'GN', 'NT', 'NG', 'NC', 'AN', 'NA', 'TN', 'CN', 'TC', 'GT', 'AT', 'CC', 'CT', 'TA', 'CG', 'AG', 'GC', 'CA', 'TG', 'AA', 'GA', 'AC', 'TT', 'GG']"
0,xgboost,2,75,2,"{""learning_rate"": 0.2, ""max_depth"": 7, ""n_estimators"": 200, ""subsample"": 1.0}",1520,480,186,1814,0.8335,0.7907585004359198,0.907,0.8448998602701444,"['NN', 'GN', 'NT', 'NG', 'NC', 'AN', 'NA', 'TN', 'CN', 'TC', 'GT', 'AT', 'CC', 'CT', 'TA', 'CG', 'AG', 'GC', 'CA', 'TG', 'AA', 'GA', 'AC', 'TT', 'GG']"
0,xgboost,2,75,3,"{""learning_rate"": 0.2, ""max_depth"": 7, ""n_estimators"": 200, ""subsample"": 0.8}",1421,579,163,1837,0.8145,0.7603476821192053,0.9185,0.8319746376811594,"['NN', 'GN', 'NT', 'NG', 'NC', 'AN', 'NA', 'TN', 'CN', 'TC', 'GT', 'AT', 'CC', 'CT', 'TA', 'CG', 'AG', 'GC', 'CA', 'TG', 'AA', 'GA', 'AC', 'TT', 'GG']"
0,xgboost,2,75,4,"{""learning_rate"": 0.1, ""max_depth"": 7, ""n_estimators"": 200, ""subsample"": 0.8}",1477,523,188,1812,0.82225,0.776017130620985,0.906,0.8359861591695502,"['NN', 'GN', 'NT', 'NG', 'NC', 'AN', 'NA', 'TN', 'CN', 'TC', 'GT', 'AT', 'CC', 'CT', 'TA', 'CG', 'AG', 'GC', 'CA', 'TG', 'AA', 'GA', 'AC', 'TT', 'GG']"
0,xgboost,2,75,total,,7369,2631,882,9118,0.82435,0.7760660481743127,0.9118,0.8384753321991816,"['NN', 'GN', 'NT', 'NG', 'NC', 'AN', 'NA', 'TN', 'CN', 'TC', 'GT', 'AT', 'CC', 'CT', 'TA', 'CG', 'AG', 'GC', 'CA', 'TG', 'AA', 'GA', 'AC', 'TT', 'GG']"
