model,k,n,Outer_KFold,Model_params,TN,FP,FN,TP,Accuracy,Precision,Recall,F1,Runtime,Selected_k_mers
svm,4,150,0,"{""C"": 100, ""gamma"": 0.001, ""kernel"": ""rbf""}",1728,272,89,1911,0.90975,0.8754008245533669,0.9555,0.9136983026535979,12.9,"['TTAG', 'TAGA', 'CTAG', 'CAAA', 'GTAC', 'ACTA', 'TAGG', 'TCTA', 'AGTA', 'CCTA', 'TACT', 'CTAA', 'GTAG', 'AATT', 'TAGT', 'GGGG', 'GAAT', 'TATA', 'CTTG', 'TAGC', 'ATTG', 'CACA', 'TGTG', 'ATAT', 'CCCA', 'TAAA', 'CGCG', 'TACG', 'CTTA', 'ACCT', 'TTAT', 'TCGA', 'ACAC', 'AATA', 'ATAG', 'TATT', 'GGTA', 'ACGT', 'AAGT', 'TGGG', 'GTGT', 'ATTA', 'CTCC', 'TAAG', 'CGAC', 'CGTC', 'GTCC', 'GGAC', 'CGGG', 'CTAC', 'CATT', 'CTAT', 'CGTA', 'AGGT', 'TGTA', 'TTTA', 'CATA', 'CTCG', 'CCCG', 'TAAT', 'GTCG', 'GCGC', 'CAAT', 'ATGT', 'CGAG', 'TCGC', 'ATTC', 'GTTA', 'TACC', 'AATG', 'CCTC', 'AGGG', 'CGCC', 'CACG', 'GAGT', 'CATC', 'CCCC', 'TTTT', 'GACG', 'CCGC', 'GCGT', 'CGTG', 'GAGG', 'TTGT', 'TGCG', 'ACGG', 'GATC', 'ATTT', 'GGGT', 'GGCG', 'AGAG', 'GCTA', 'TTAA', 'GTCT', 'CCAT', 'GGAG', 'TCCG', 'ACGA', 'TCGG', 'TAAC', 'GGTC', 'TGTC', 'TCTC', 'GTAA', 'CCGA', 'TATG', 'TCGT', 'AAAT', 'ATAA', 'AGGA', 'TTAC', 'CGCT', 'CGTT', 'CCGG', 'AAAA', 'TTTG', 'CGAT', 'CGGC', 'GCGA', 'ATAC', 'GCCC', 'ACAT', 'ACGC', 'CCCT', 'CGCA', 'CTCA', 'ACAA', 'CCAC', 'CGAA', 'GCGG', 'GCCG', 'ACCG', 'CTCT', 'ATCT', 'GACC', 'AGTC', 'GTAT', 'ATCG', 'AGGC', 'GACA', 'TCTT', 'CGGT', 'GGCC', 'ACTC', 'ACTT', 'AATC', 'TACA', 'CGGA', 'GGCT', 'GGGA']"
svm,4,150,1,"{""C"": 10, ""gamma"": 0.001, ""kernel"": ""rbf""}",1719,281,90,1910,0.90725,0.8717480602464628,0.955,0.9114769744691005,12.82,"['TTAG', 'TAGA', 'CTAG', 'CAAA', 'GTAC', 'ACTA', 'TAGG', 'TCTA', 'AGTA', 'CCTA', 'TACT', 'CTAA', 'GTAG', 'AATT', 'TAGT', 'GGGG', 'GAAT', 'TATA', 'CTTG', 'TAGC', 'ATTG', 'CACA', 'TGTG', 'ATAT', 'CCCA', 'TAAA', 'CGCG', 'TACG', 'CTTA', 'ACCT', 'TTAT', 'TCGA', 'ACAC', 'AATA', 'ATAG', 'TATT', 'GGTA', 'ACGT', 'AAGT', 'TGGG', 'GTGT', 'ATTA', 'CTCC', 'TAAG', 'CGAC', 'CGTC', 'GTCC', 'GGAC', 'CGGG', 'CTAC', 'CATT', 'CTAT', 'CGTA', 'AGGT', 'TGTA', 'TTTA', 'CATA', 'CTCG', 'CCCG', 'TAAT', 'GTCG', 'GCGC', 'CAAT', 'ATGT', 'CGAG', 'TCGC', 'ATTC', 'GTTA', 'TACC', 'AATG', 'CCTC', 'AGGG', 'CGCC', 'CACG', 'GAGT', 'CATC', 'CCCC', 'TTTT', 'GACG', 'CCGC', 'GCGT', 'CGTG', 'GAGG', 'TTGT', 'TGCG', 'ACGG', 'GATC', 'ATTT', 'GGGT', 'GGCG', 'AGAG', 'GCTA', 'TTAA', 'GTCT', 'CCAT', 'GGAG', 'TCCG', 'ACGA', 'TCGG', 'TAAC', 'GGTC', 'TGTC', 'TCTC', 'GTAA', 'CCGA', 'TATG', 'TCGT', 'AAAT', 'ATAA', 'AGGA', 'TTAC', 'CGCT', 'CGTT', 'CCGG', 'AAAA', 'TTTG', 'CGAT', 'CGGC', 'GCGA', 'ATAC', 'GCCC', 'ACAT', 'ACGC', 'CCCT', 'CGCA', 'CTCA', 'ACAA', 'CCAC', 'CGAA', 'GCGG', 'GCCG', 'ACCG', 'CTCT', 'ATCT', 'GACC', 'AGTC', 'GTAT', 'ATCG', 'AGGC', 'GACA', 'TCTT', 'CGGT', 'GGCC', 'ACTC', 'ACTT', 'AATC', 'TACA', 'CGGA', 'GGCT', 'GGGA']"
svm,4,150,2,"{""C"": 10, ""gamma"": 0.001, ""kernel"": ""rbf""}",1793,207,101,1899,0.923,0.9017094017094017,0.9495,0.92498782269849,12.55,"['TTAG', 'TAGA', 'CTAG', 'CAAA', 'GTAC', 'ACTA', 'TAGG', 'TCTA', 'AGTA', 'CCTA', 'TACT', 'CTAA', 'GTAG', 'AATT', 'TAGT', 'GGGG', 'GAAT', 'TATA', 'CTTG', 'TAGC', 'ATTG', 'CACA', 'TGTG', 'ATAT', 'CCCA', 'TAAA', 'CGCG', 'TACG', 'CTTA', 'ACCT', 'TTAT', 'TCGA', 'ACAC', 'AATA', 'ATAG', 'TATT', 'GGTA', 'ACGT', 'AAGT', 'TGGG', 'GTGT', 'ATTA', 'CTCC', 'TAAG', 'CGAC', 'CGTC', 'GTCC', 'GGAC', 'CGGG', 'CTAC', 'CATT', 'CTAT', 'CGTA', 'AGGT', 'TGTA', 'TTTA', 'CATA', 'CTCG', 'CCCG', 'TAAT', 'GTCG', 'GCGC', 'CAAT', 'ATGT', 'CGAG', 'TCGC', 'ATTC', 'GTTA', 'TACC', 'AATG', 'CCTC', 'AGGG', 'CGCC', 'CACG', 'GAGT', 'CATC', 'CCCC', 'TTTT', 'GACG', 'CCGC', 'GCGT', 'CGTG', 'GAGG', 'TTGT', 'TGCG', 'ACGG', 'GATC', 'ATTT', 'GGGT', 'GGCG', 'AGAG', 'GCTA', 'TTAA', 'GTCT', 'CCAT', 'GGAG', 'TCCG', 'ACGA', 'TCGG', 'TAAC', 'GGTC', 'TGTC', 'TCTC', 'GTAA', 'CCGA', 'TATG', 'TCGT', 'AAAT', 'ATAA', 'AGGA', 'TTAC', 'CGCT', 'CGTT', 'CCGG', 'AAAA', 'TTTG', 'CGAT', 'CGGC', 'GCGA', 'ATAC', 'GCCC', 'ACAT', 'ACGC', 'CCCT', 'CGCA', 'CTCA', 'ACAA', 'CCAC', 'CGAA', 'GCGG', 'GCCG', 'ACCG', 'CTCT', 'ATCT', 'GACC', 'AGTC', 'GTAT', 'ATCG', 'AGGC', 'GACA', 'TCTT', 'CGGT', 'GGCC', 'ACTC', 'ACTT', 'AATC', 'TACA', 'CGGA', 'GGCT', 'GGGA']"
svm,4,150,3,"{""C"": 10, ""gamma"": 0.001, ""kernel"": ""rbf""}",1853,147,101,1899,0.938,0.9281524926686217,0.9495,0.9387048937221948,12.13,"['TTAG', 'TAGA', 'CTAG', 'CAAA', 'GTAC', 'ACTA', 'TAGG', 'TCTA', 'AGTA', 'CCTA', 'TACT', 'CTAA', 'GTAG', 'AATT', 'TAGT', 'GGGG', 'GAAT', 'TATA', 'CTTG', 'TAGC', 'ATTG', 'CACA', 'TGTG', 'ATAT', 'CCCA', 'TAAA', 'CGCG', 'TACG', 'CTTA', 'ACCT', 'TTAT', 'TCGA', 'ACAC', 'AATA', 'ATAG', 'TATT', 'GGTA', 'ACGT', 'AAGT', 'TGGG', 'GTGT', 'ATTA', 'CTCC', 'TAAG', 'CGAC', 'CGTC', 'GTCC', 'GGAC', 'CGGG', 'CTAC', 'CATT', 'CTAT', 'CGTA', 'AGGT', 'TGTA', 'TTTA', 'CATA', 'CTCG', 'CCCG', 'TAAT', 'GTCG', 'GCGC', 'CAAT', 'ATGT', 'CGAG', 'TCGC', 'ATTC', 'GTTA', 'TACC', 'AATG', 'CCTC', 'AGGG', 'CGCC', 'CACG', 'GAGT', 'CATC', 'CCCC', 'TTTT', 'GACG', 'CCGC', 'GCGT', 'CGTG', 'GAGG', 'TTGT', 'TGCG', 'ACGG', 'GATC', 'ATTT', 'GGGT', 'GGCG', 'AGAG', 'GCTA', 'TTAA', 'GTCT', 'CCAT', 'GGAG', 'TCCG', 'ACGA', 'TCGG', 'TAAC', 'GGTC', 'TGTC', 'TCTC', 'GTAA', 'CCGA', 'TATG', 'TCGT', 'AAAT', 'ATAA', 'AGGA', 'TTAC', 'CGCT', 'CGTT', 'CCGG', 'AAAA', 'TTTG', 'CGAT', 'CGGC', 'GCGA', 'ATAC', 'GCCC', 'ACAT', 'ACGC', 'CCCT', 'CGCA', 'CTCA', 'ACAA', 'CCAC', 'CGAA', 'GCGG', 'GCCG', 'ACCG', 'CTCT', 'ATCT', 'GACC', 'AGTC', 'GTAT', 'ATCG', 'AGGC', 'GACA', 'TCTT', 'CGGT', 'GGCC', 'ACTC', 'ACTT', 'AATC', 'TACA', 'CGGA', 'GGCT', 'GGGA']"
svm,4,150,4,"{""C"": 100, ""gamma"": 0.001, ""kernel"": ""rbf""}",1673,327,85,1915,0.897,0.8541480820695807,0.9575,0.9028760018859029,12.57,"['TTAG', 'TAGA', 'CTAG', 'CAAA', 'GTAC', 'ACTA', 'TAGG', 'TCTA', 'AGTA', 'CCTA', 'TACT', 'CTAA', 'GTAG', 'AATT', 'TAGT', 'GGGG', 'GAAT', 'TATA', 'CTTG', 'TAGC', 'ATTG', 'CACA', 'TGTG', 'ATAT', 'CCCA', 'TAAA', 'CGCG', 'TACG', 'CTTA', 'ACCT', 'TTAT', 'TCGA', 'ACAC', 'AATA', 'ATAG', 'TATT', 'GGTA', 'ACGT', 'AAGT', 'TGGG', 'GTGT', 'ATTA', 'CTCC', 'TAAG', 'CGAC', 'CGTC', 'GTCC', 'GGAC', 'CGGG', 'CTAC', 'CATT', 'CTAT', 'CGTA', 'AGGT', 'TGTA', 'TTTA', 'CATA', 'CTCG', 'CCCG', 'TAAT', 'GTCG', 'GCGC', 'CAAT', 'ATGT', 'CGAG', 'TCGC', 'ATTC', 'GTTA', 'TACC', 'AATG', 'CCTC', 'AGGG', 'CGCC', 'CACG', 'GAGT', 'CATC', 'CCCC', 'TTTT', 'GACG', 'CCGC', 'GCGT', 'CGTG', 'GAGG', 'TTGT', 'TGCG', 'ACGG', 'GATC', 'ATTT', 'GGGT', 'GGCG', 'AGAG', 'GCTA', 'TTAA', 'GTCT', 'CCAT', 'GGAG', 'TCCG', 'ACGA', 'TCGG', 'TAAC', 'GGTC', 'TGTC', 'TCTC', 'GTAA', 'CCGA', 'TATG', 'TCGT', 'AAAT', 'ATAA', 'AGGA', 'TTAC', 'CGCT', 'CGTT', 'CCGG', 'AAAA', 'TTTG', 'CGAT', 'CGGC', 'GCGA', 'ATAC', 'GCCC', 'ACAT', 'ACGC', 'CCCT', 'CGCA', 'CTCA', 'ACAA', 'CCAC', 'CGAA', 'GCGG', 'GCCG', 'ACCG', 'CTCT', 'ATCT', 'GACC', 'AGTC', 'GTAT', 'ATCG', 'AGGC', 'GACA', 'TCTT', 'CGGT', 'GGCC', 'ACTC', 'ACTT', 'AATC', 'TACA', 'CGGA', 'GGCT', 'GGGA']"
svm,4,150,total,,8766,1234,466,9534,0.915,0.8854011887072808,0.9534,0.9181432973805855,62.96,"['TTAG', 'TAGA', 'CTAG', 'CAAA', 'GTAC', 'ACTA', 'TAGG', 'TCTA', 'AGTA', 'CCTA', 'TACT', 'CTAA', 'GTAG', 'AATT', 'TAGT', 'GGGG', 'GAAT', 'TATA', 'CTTG', 'TAGC', 'ATTG', 'CACA', 'TGTG', 'ATAT', 'CCCA', 'TAAA', 'CGCG', 'TACG', 'CTTA', 'ACCT', 'TTAT', 'TCGA', 'ACAC', 'AATA', 'ATAG', 'TATT', 'GGTA', 'ACGT', 'AAGT', 'TGGG', 'GTGT', 'ATTA', 'CTCC', 'TAAG', 'CGAC', 'CGTC', 'GTCC', 'GGAC', 'CGGG', 'CTAC', 'CATT', 'CTAT', 'CGTA', 'AGGT', 'TGTA', 'TTTA', 'CATA', 'CTCG', 'CCCG', 'TAAT', 'GTCG', 'GCGC', 'CAAT', 'ATGT', 'CGAG', 'TCGC', 'ATTC', 'GTTA', 'TACC', 'AATG', 'CCTC', 'AGGG', 'CGCC', 'CACG', 'GAGT', 'CATC', 'CCCC', 'TTTT', 'GACG', 'CCGC', 'GCGT', 'CGTG', 'GAGG', 'TTGT', 'TGCG', 'ACGG', 'GATC', 'ATTT', 'GGGT', 'GGCG', 'AGAG', 'GCTA', 'TTAA', 'GTCT', 'CCAT', 'GGAG', 'TCCG', 'ACGA', 'TCGG', 'TAAC', 'GGTC', 'TGTC', 'TCTC', 'GTAA', 'CCGA', 'TATG', 'TCGT', 'AAAT', 'ATAA', 'AGGA', 'TTAC', 'CGCT', 'CGTT', 'CCGG', 'AAAA', 'TTTG', 'CGAT', 'CGGC', 'GCGA', 'ATAC', 'GCCC', 'ACAT', 'ACGC', 'CCCT', 'CGCA', 'CTCA', 'ACAA', 'CCAC', 'CGAA', 'GCGG', 'GCCG', 'ACCG', 'CTCT', 'ATCT', 'GACC', 'AGTC', 'GTAT', 'ATCG', 'AGGC', 'GACA', 'TCTT', 'CGGT', 'GGCC', 'ACTC', 'ACTT', 'AATC', 'TACA', 'CGGA', 'GGCT', 'GGGA']"
svm,4,200,0,"{""C"": 10, ""gamma"": 0.001, ""kernel"": ""rbf""}",1786,214,83,1917,0.92575,0.8995776630689817,0.9585,0.9281045751633987,16.94,"['TTAG', 'TAGA', 'CTAG', 'CAAA', 'GTAC', 'ACTA', 'TAGG', 'TCTA', 'AGTA', 'CCTA', 'TACT', 'CTAA', 'GTAG', 'AATT', 'TAGT', 'GGGG', 'GAAT', 'TATA', 'CTTG', 'TAGC', 'ATTG', 'CACA', 'TGTG', 'ATAT', 'CCCA', 'TAAA', 'CGCG', 'TACG', 'CTTA', 'ACCT', 'TTAT', 'TCGA', 'ACAC', 'AATA', 'ATAG', 'TATT', 'GGTA', 'ACGT', 'AAGT', 'TGGG', 'GTGT', 'ATTA', 'CTCC', 'TAAG', 'CGAC', 'CGTC', 'GTCC', 'GGAC', 'CGGG', 'CTAC', 'CATT', 'CTAT', 'CGTA', 'AGGT', 'TGTA', 'TTTA', 'CATA', 'CTCG', 'CCCG', 'TAAT', 'GTCG', 'GCGC', 'CAAT', 'ATGT', 'CGAG', 'TCGC', 'ATTC', 'GTTA', 'TACC', 'AATG', 'CCTC', 'AGGG', 'CGCC', 'CACG', 'GAGT', 'CATC', 'CCCC', 'TTTT', 'GACG', 'CCGC', 'GCGT', 'CGTG', 'GAGG', 'TTGT', 'TGCG', 'ACGG', 'GATC', 'ATTT', 'GGGT', 'GGCG', 'AGAG', 'GCTA', 'TTAA', 'GTCT', 'CCAT', 'GGAG', 'TCCG', 'ACGA', 'TCGG', 'TAAC', 'GGTC', 'TGTC', 'TCTC', 'GTAA', 'CCGA', 'TATG', 'TCGT', 'AAAT', 'ATAA', 'AGGA', 'TTAC', 'CGCT', 'CGTT', 'CCGG', 'AAAA', 'TTTG', 'CGAT', 'CGGC', 'GCGA', 'ATAC', 'GCCC', 'ACAT', 'ACGC', 'CCCT', 'CGCA', 'CTCA', 'ACAA', 'CCAC', 'CGAA', 'GCGG', 'GCCG', 'ACCG', 'CTCT', 'ATCT', 'GACC', 'AGTC', 'GTAT', 'ATCG', 'AGGC', 'GACA', 'TCTT', 'CGGT', 'GGCC', 'ACTC', 'ACTT', 'AATC', 'TACA', 'CGGA', 'GGCT', 'GGGA', 'GCTC', 'GATG', 'AGCG', 'GACT', 'CCAA', 'CCTT', 'GTGC', 'ACAG', 'TTGG', 'GGGC', 'AACG', 'CCGT', 'AGAC', 'CAGT', 'ATGC', 'GCAC', 'TATC', 'TGGA', 'GGTT', 'TCCA', 'GATT', 'TCTG', 'CCAG', 'CAAG', 'ACCC', 'TCAG', 'GCCT', 'AAAG', 'GAGA', 'AGTG', 'AGCC', 'GTCA', 'CAGG', 'GATA', 'TCCC', 'CTGG', 'TCCT', 'TTCG', 'CTGC', 'CTTT', 'CACC', 'TCAT', 'CCTG', 'TGCT', 'GTTG', 'GAGC', 'CACT', 'TCAA', 'CAGA', 'CTGT']"
svm,4,200,1,"{""C"": 10, ""gamma"": 0.001, ""kernel"": ""rbf""}",1754,246,91,1909,0.91575,0.88584686774942,0.9545,0.918892900120337,17.07,"['TTAG', 'TAGA', 'CTAG', 'CAAA', 'GTAC', 'ACTA', 'TAGG', 'TCTA', 'AGTA', 'CCTA', 'TACT', 'CTAA', 'GTAG', 'AATT', 'TAGT', 'GGGG', 'GAAT', 'TATA', 'CTTG', 'TAGC', 'ATTG', 'CACA', 'TGTG', 'ATAT', 'CCCA', 'TAAA', 'CGCG', 'TACG', 'CTTA', 'ACCT', 'TTAT', 'TCGA', 'ACAC', 'AATA', 'ATAG', 'TATT', 'GGTA', 'ACGT', 'AAGT', 'TGGG', 'GTGT', 'ATTA', 'CTCC', 'TAAG', 'CGAC', 'CGTC', 'GTCC', 'GGAC', 'CGGG', 'CTAC', 'CATT', 'CTAT', 'CGTA', 'AGGT', 'TGTA', 'TTTA', 'CATA', 'CTCG', 'CCCG', 'TAAT', 'GTCG', 'GCGC', 'CAAT', 'ATGT', 'CGAG', 'TCGC', 'ATTC', 'GTTA', 'TACC', 'AATG', 'CCTC', 'AGGG', 'CGCC', 'CACG', 'GAGT', 'CATC', 'CCCC', 'TTTT', 'GACG', 'CCGC', 'GCGT', 'CGTG', 'GAGG', 'TTGT', 'TGCG', 'ACGG', 'GATC', 'ATTT', 'GGGT', 'GGCG', 'AGAG', 'GCTA', 'TTAA', 'GTCT', 'CCAT', 'GGAG', 'TCCG', 'ACGA', 'TCGG', 'TAAC', 'GGTC', 'TGTC', 'TCTC', 'GTAA', 'CCGA', 'TATG', 'TCGT', 'AAAT', 'ATAA', 'AGGA', 'TTAC', 'CGCT', 'CGTT', 'CCGG', 'AAAA', 'TTTG', 'CGAT', 'CGGC', 'GCGA', 'ATAC', 'GCCC', 'ACAT', 'ACGC', 'CCCT', 'CGCA', 'CTCA', 'ACAA', 'CCAC', 'CGAA', 'GCGG', 'GCCG', 'ACCG', 'CTCT', 'ATCT', 'GACC', 'AGTC', 'GTAT', 'ATCG', 'AGGC', 'GACA', 'TCTT', 'CGGT', 'GGCC', 'ACTC', 'ACTT', 'AATC', 'TACA', 'CGGA', 'GGCT', 'GGGA', 'GCTC', 'GATG', 'AGCG', 'GACT', 'CCAA', 'CCTT', 'GTGC', 'ACAG', 'TTGG', 'GGGC', 'AACG', 'CCGT', 'AGAC', 'CAGT', 'ATGC', 'GCAC', 'TATC', 'TGGA', 'GGTT', 'TCCA', 'GATT', 'TCTG', 'CCAG', 'CAAG', 'ACCC', 'TCAG', 'GCCT', 'AAAG', 'GAGA', 'AGTG', 'AGCC', 'GTCA', 'CAGG', 'GATA', 'TCCC', 'CTGG', 'TCCT', 'TTCG', 'CTGC', 'CTTT', 'CACC', 'TCAT', 'CCTG', 'TGCT', 'GTTG', 'GAGC', 'CACT', 'TCAA', 'CAGA', 'CTGT']"
svm,4,200,2,"{""C"": 10, ""gamma"": 0.001, ""kernel"": ""rbf""}",1775,225,70,1930,0.92625,0.8955916473317865,0.965,0.9290012033694344,16.29,"['TTAG', 'TAGA', 'CTAG', 'CAAA', 'GTAC', 'ACTA', 'TAGG', 'TCTA', 'AGTA', 'CCTA', 'TACT', 'CTAA', 'GTAG', 'AATT', 'TAGT', 'GGGG', 'GAAT', 'TATA', 'CTTG', 'TAGC', 'ATTG', 'CACA', 'TGTG', 'ATAT', 'CCCA', 'TAAA', 'CGCG', 'TACG', 'CTTA', 'ACCT', 'TTAT', 'TCGA', 'ACAC', 'AATA', 'ATAG', 'TATT', 'GGTA', 'ACGT', 'AAGT', 'TGGG', 'GTGT', 'ATTA', 'CTCC', 'TAAG', 'CGAC', 'CGTC', 'GTCC', 'GGAC', 'CGGG', 'CTAC', 'CATT', 'CTAT', 'CGTA', 'AGGT', 'TGTA', 'TTTA', 'CATA', 'CTCG', 'CCCG', 'TAAT', 'GTCG', 'GCGC', 'CAAT', 'ATGT', 'CGAG', 'TCGC', 'ATTC', 'GTTA', 'TACC', 'AATG', 'CCTC', 'AGGG', 'CGCC', 'CACG', 'GAGT', 'CATC', 'CCCC', 'TTTT', 'GACG', 'CCGC', 'GCGT', 'CGTG', 'GAGG', 'TTGT', 'TGCG', 'ACGG', 'GATC', 'ATTT', 'GGGT', 'GGCG', 'AGAG', 'GCTA', 'TTAA', 'GTCT', 'CCAT', 'GGAG', 'TCCG', 'ACGA', 'TCGG', 'TAAC', 'GGTC', 'TGTC', 'TCTC', 'GTAA', 'CCGA', 'TATG', 'TCGT', 'AAAT', 'ATAA', 'AGGA', 'TTAC', 'CGCT', 'CGTT', 'CCGG', 'AAAA', 'TTTG', 'CGAT', 'CGGC', 'GCGA', 'ATAC', 'GCCC', 'ACAT', 'ACGC', 'CCCT', 'CGCA', 'CTCA', 'ACAA', 'CCAC', 'CGAA', 'GCGG', 'GCCG', 'ACCG', 'CTCT', 'ATCT', 'GACC', 'AGTC', 'GTAT', 'ATCG', 'AGGC', 'GACA', 'TCTT', 'CGGT', 'GGCC', 'ACTC', 'ACTT', 'AATC', 'TACA', 'CGGA', 'GGCT', 'GGGA', 'GCTC', 'GATG', 'AGCG', 'GACT', 'CCAA', 'CCTT', 'GTGC', 'ACAG', 'TTGG', 'GGGC', 'AACG', 'CCGT', 'AGAC', 'CAGT', 'ATGC', 'GCAC', 'TATC', 'TGGA', 'GGTT', 'TCCA', 'GATT', 'TCTG', 'CCAG', 'CAAG', 'ACCC', 'TCAG', 'GCCT', 'AAAG', 'GAGA', 'AGTG', 'AGCC', 'GTCA', 'CAGG', 'GATA', 'TCCC', 'CTGG', 'TCCT', 'TTCG', 'CTGC', 'CTTT', 'CACC', 'TCAT', 'CCTG', 'TGCT', 'GTTG', 'GAGC', 'CACT', 'TCAA', 'CAGA', 'CTGT']"
svm,4,200,3,"{""C"": 10, ""gamma"": 0.001, ""kernel"": ""rbf""}",1844,156,80,1920,0.941,0.9248554913294798,0.96,0.9421000981354269,17.5,"['TTAG', 'TAGA', 'CTAG', 'CAAA', 'GTAC', 'ACTA', 'TAGG', 'TCTA', 'AGTA', 'CCTA', 'TACT', 'CTAA', 'GTAG', 'AATT', 'TAGT', 'GGGG', 'GAAT', 'TATA', 'CTTG', 'TAGC', 'ATTG', 'CACA', 'TGTG', 'ATAT', 'CCCA', 'TAAA', 'CGCG', 'TACG', 'CTTA', 'ACCT', 'TTAT', 'TCGA', 'ACAC', 'AATA', 'ATAG', 'TATT', 'GGTA', 'ACGT', 'AAGT', 'TGGG', 'GTGT', 'ATTA', 'CTCC', 'TAAG', 'CGAC', 'CGTC', 'GTCC', 'GGAC', 'CGGG', 'CTAC', 'CATT', 'CTAT', 'CGTA', 'AGGT', 'TGTA', 'TTTA', 'CATA', 'CTCG', 'CCCG', 'TAAT', 'GTCG', 'GCGC', 'CAAT', 'ATGT', 'CGAG', 'TCGC', 'ATTC', 'GTTA', 'TACC', 'AATG', 'CCTC', 'AGGG', 'CGCC', 'CACG', 'GAGT', 'CATC', 'CCCC', 'TTTT', 'GACG', 'CCGC', 'GCGT', 'CGTG', 'GAGG', 'TTGT', 'TGCG', 'ACGG', 'GATC', 'ATTT', 'GGGT', 'GGCG', 'AGAG', 'GCTA', 'TTAA', 'GTCT', 'CCAT', 'GGAG', 'TCCG', 'ACGA', 'TCGG', 'TAAC', 'GGTC', 'TGTC', 'TCTC', 'GTAA', 'CCGA', 'TATG', 'TCGT', 'AAAT', 'ATAA', 'AGGA', 'TTAC', 'CGCT', 'CGTT', 'CCGG', 'AAAA', 'TTTG', 'CGAT', 'CGGC', 'GCGA', 'ATAC', 'GCCC', 'ACAT', 'ACGC', 'CCCT', 'CGCA', 'CTCA', 'ACAA', 'CCAC', 'CGAA', 'GCGG', 'GCCG', 'ACCG', 'CTCT', 'ATCT', 'GACC', 'AGTC', 'GTAT', 'ATCG', 'AGGC', 'GACA', 'TCTT', 'CGGT', 'GGCC', 'ACTC', 'ACTT', 'AATC', 'TACA', 'CGGA', 'GGCT', 'GGGA', 'GCTC', 'GATG', 'AGCG', 'GACT', 'CCAA', 'CCTT', 'GTGC', 'ACAG', 'TTGG', 'GGGC', 'AACG', 'CCGT', 'AGAC', 'CAGT', 'ATGC', 'GCAC', 'TATC', 'TGGA', 'GGTT', 'TCCA', 'GATT', 'TCTG', 'CCAG', 'CAAG', 'ACCC', 'TCAG', 'GCCT', 'AAAG', 'GAGA', 'AGTG', 'AGCC', 'GTCA', 'CAGG', 'GATA', 'TCCC', 'CTGG', 'TCCT', 'TTCG', 'CTGC', 'CTTT', 'CACC', 'TCAT', 'CCTG', 'TGCT', 'GTTG', 'GAGC', 'CACT', 'TCAA', 'CAGA', 'CTGT']"
svm,4,200,4,"{""C"": 10, ""gamma"": 0.001, ""kernel"": ""rbf""}",1681,319,69,1931,0.903,0.8582222222222222,0.9655,0.9087058823529411,1311.84,"['TTAG', 'TAGA', 'CTAG', 'CAAA', 'GTAC', 'ACTA', 'TAGG', 'TCTA', 'AGTA', 'CCTA', 'TACT', 'CTAA', 'GTAG', 'AATT', 'TAGT', 'GGGG', 'GAAT', 'TATA', 'CTTG', 'TAGC', 'ATTG', 'CACA', 'TGTG', 'ATAT', 'CCCA', 'TAAA', 'CGCG', 'TACG', 'CTTA', 'ACCT', 'TTAT', 'TCGA', 'ACAC', 'AATA', 'ATAG', 'TATT', 'GGTA', 'ACGT', 'AAGT', 'TGGG', 'GTGT', 'ATTA', 'CTCC', 'TAAG', 'CGAC', 'CGTC', 'GTCC', 'GGAC', 'CGGG', 'CTAC', 'CATT', 'CTAT', 'CGTA', 'AGGT', 'TGTA', 'TTTA', 'CATA', 'CTCG', 'CCCG', 'TAAT', 'GTCG', 'GCGC', 'CAAT', 'ATGT', 'CGAG', 'TCGC', 'ATTC', 'GTTA', 'TACC', 'AATG', 'CCTC', 'AGGG', 'CGCC', 'CACG', 'GAGT', 'CATC', 'CCCC', 'TTTT', 'GACG', 'CCGC', 'GCGT', 'CGTG', 'GAGG', 'TTGT', 'TGCG', 'ACGG', 'GATC', 'ATTT', 'GGGT', 'GGCG', 'AGAG', 'GCTA', 'TTAA', 'GTCT', 'CCAT', 'GGAG', 'TCCG', 'ACGA', 'TCGG', 'TAAC', 'GGTC', 'TGTC', 'TCTC', 'GTAA', 'CCGA', 'TATG', 'TCGT', 'AAAT', 'ATAA', 'AGGA', 'TTAC', 'CGCT', 'CGTT', 'CCGG', 'AAAA', 'TTTG', 'CGAT', 'CGGC', 'GCGA', 'ATAC', 'GCCC', 'ACAT', 'ACGC', 'CCCT', 'CGCA', 'CTCA', 'ACAA', 'CCAC', 'CGAA', 'GCGG', 'GCCG', 'ACCG', 'CTCT', 'ATCT', 'GACC', 'AGTC', 'GTAT', 'ATCG', 'AGGC', 'GACA', 'TCTT', 'CGGT', 'GGCC', 'ACTC', 'ACTT', 'AATC', 'TACA', 'CGGA', 'GGCT', 'GGGA', 'GCTC', 'GATG', 'AGCG', 'GACT', 'CCAA', 'CCTT', 'GTGC', 'ACAG', 'TTGG', 'GGGC', 'AACG', 'CCGT', 'AGAC', 'CAGT', 'ATGC', 'GCAC', 'TATC', 'TGGA', 'GGTT', 'TCCA', 'GATT', 'TCTG', 'CCAG', 'CAAG', 'ACCC', 'TCAG', 'GCCT', 'AAAG', 'GAGA', 'AGTG', 'AGCC', 'GTCA', 'CAGG', 'GATA', 'TCCC', 'CTGG', 'TCCT', 'TTCG', 'CTGC', 'CTTT', 'CACC', 'TCAT', 'CCTG', 'TGCT', 'GTTG', 'GAGC', 'CACT', 'TCAA', 'CAGA', 'CTGT']"
svm,4,200,total,,8840,1160,393,9607,0.92235,0.8922633974180366,0.9607,0.9252178937737757,1379.63,"['TTAG', 'TAGA', 'CTAG', 'CAAA', 'GTAC', 'ACTA', 'TAGG', 'TCTA', 'AGTA', 'CCTA', 'TACT', 'CTAA', 'GTAG', 'AATT', 'TAGT', 'GGGG', 'GAAT', 'TATA', 'CTTG', 'TAGC', 'ATTG', 'CACA', 'TGTG', 'ATAT', 'CCCA', 'TAAA', 'CGCG', 'TACG', 'CTTA', 'ACCT', 'TTAT', 'TCGA', 'ACAC', 'AATA', 'ATAG', 'TATT', 'GGTA', 'ACGT', 'AAGT', 'TGGG', 'GTGT', 'ATTA', 'CTCC', 'TAAG', 'CGAC', 'CGTC', 'GTCC', 'GGAC', 'CGGG', 'CTAC', 'CATT', 'CTAT', 'CGTA', 'AGGT', 'TGTA', 'TTTA', 'CATA', 'CTCG', 'CCCG', 'TAAT', 'GTCG', 'GCGC', 'CAAT', 'ATGT', 'CGAG', 'TCGC', 'ATTC', 'GTTA', 'TACC', 'AATG', 'CCTC', 'AGGG', 'CGCC', 'CACG', 'GAGT', 'CATC', 'CCCC', 'TTTT', 'GACG', 'CCGC', 'GCGT', 'CGTG', 'GAGG', 'TTGT', 'TGCG', 'ACGG', 'GATC', 'ATTT', 'GGGT', 'GGCG', 'AGAG', 'GCTA', 'TTAA', 'GTCT', 'CCAT', 'GGAG', 'TCCG', 'ACGA', 'TCGG', 'TAAC', 'GGTC', 'TGTC', 'TCTC', 'GTAA', 'CCGA', 'TATG', 'TCGT', 'AAAT', 'ATAA', 'AGGA', 'TTAC', 'CGCT', 'CGTT', 'CCGG', 'AAAA', 'TTTG', 'CGAT', 'CGGC', 'GCGA', 'ATAC', 'GCCC', 'ACAT', 'ACGC', 'CCCT', 'CGCA', 'CTCA', 'ACAA', 'CCAC', 'CGAA', 'GCGG', 'GCCG', 'ACCG', 'CTCT', 'ATCT', 'GACC', 'AGTC', 'GTAT', 'ATCG', 'AGGC', 'GACA', 'TCTT', 'CGGT', 'GGCC', 'ACTC', 'ACTT', 'AATC', 'TACA', 'CGGA', 'GGCT', 'GGGA', 'GCTC', 'GATG', 'AGCG', 'GACT', 'CCAA', 'CCTT', 'GTGC', 'ACAG', 'TTGG', 'GGGC', 'AACG', 'CCGT', 'AGAC', 'CAGT', 'ATGC', 'GCAC', 'TATC', 'TGGA', 'GGTT', 'TCCA', 'GATT', 'TCTG', 'CCAG', 'CAAG', 'ACCC', 'TCAG', 'GCCT', 'AAAG', 'GAGA', 'AGTG', 'AGCC', 'GTCA', 'CAGG', 'GATA', 'TCCC', 'CTGG', 'TCCT', 'TTCG', 'CTGC', 'CTTT', 'CACC', 'TCAT', 'CCTG', 'TGCT', 'GTTG', 'GAGC', 'CACT', 'TCAA', 'CAGA', 'CTGT']"
